iterations,period,numworkers,size,time
1000,100,1,2000,167.207350
1000,100,4,2000,72.190272
1000,100,8,2000,80.794127
1000,100,10,2000,70.720864
1000,100,14,2000,76.464858
1000,100,20,2000,70.558223
1000,100,30,2000,71.325247
1000,100,50,2000,71.356908
