iterations, period, size, time
1000, 100, 100, 0.521370
1000, 100, 500, 7.371628
1000, 100, 1000, 28.837791
1000, 100, 2000, 124.222816
